query_id,cosine_similarity,jaccard_similarity,collection,epsilon,mechanism
19335,0.31182742,0.06896126534284429,DL19,1,CosineGECO
47923,0.21317282,0.021477591036414563,DL19,1,CosineGECO
87181,0.27233252,0.0950258891435362,DL19,1,CosineGECO
87452,0.2958445,0.07890402571284924,DL19,1,CosineGECO
104861,0.40417892,0.1114421394327842,DL19,1,CosineGECO
130510,0.21570857,0.029699883449883453,DL19,1,CosineGECO
131843,0.18941161,0.17384669252316312,DL19,1,CosineGECO
146187,0.20436063,0.23906288156288155,DL19,1,CosineGECO
148538,0.2750016,0.17566100566100568,DL19,1,CosineGECO
156493,0.3197423,0.051949604403164776,DL19,1,CosineGECO
168216,0.25603253,0.026300125313283206,DL19,1,CosineGECO
182539,0.13086048,0.1426360159448395,DL19,1,CosineGECO
183378,0.2139209,0.06679910560715514,DL19,1,CosineGECO
207786,0.24045408,0.020458937198067635,DL19,1,CosineGECO
264014,0.34525937,0.07333950984179817,DL19,1,CosineGECO
359349,0.266121,0.141443656513989,DL19,1,CosineGECO
405717,0.32363838,0.09937472900859629,DL19,1,CosineGECO
443396,0.29247427,0.024215686274509804,DL19,1,CosineGECO
451602,0.2309844,0.06831175532413922,DL19,1,CosineGECO
489204,0.360353,0.055409856162144486,DL19,1,CosineGECO
490595,0.19723135,0.0,DL19,1,CosineGECO
527433,0.32998854,0.057034888915693874,DL19,1,CosineGECO
573724,0.32972056,0.12367010068248459,DL19,1,CosineGECO
833860,0.3139017,0.1064613628545517,DL19,1,CosineGECO
855410,0.24455817,0.12349900486510394,DL19,1,CosineGECO
915593,0.26760942,0.1078858844973396,DL19,1,CosineGECO
962179,0.21582985,0.09166050023248165,DL19,1,CosineGECO
1037798,0.146331,0.056176754102450696,DL19,1,CosineGECO
1063750,0.28670204,0.054477821695213,DL19,1,CosineGECO
1103812,0.25891858,0.11145813180851545,DL19,1,CosineGECO
1106007,0.25861844,0.0,DL19,1,CosineGECO
1110199,0.31823802,0.0744401431901432,DL19,1,CosineGECO
1112341,0.18858378,0.08766227162108169,DL19,1,CosineGECO
1113437,0.15569314,0.11305960980883581,DL19,1,CosineGECO
1114646,0.32100838,0.11117219167141767,DL19,1,CosineGECO
1114819,0.31287032,0.09375908577146967,DL19,1,CosineGECO
1115776,0.20427275,0.05303130619996954,DL19,1,CosineGECO
1117099,0.26590186,0.1215631047696265,DL19,1,CosineGECO
1121402,0.19069926,0.0516410344041923,DL19,1,CosineGECO
1121709,0.27480894,0.07358887414614969,DL19,1,CosineGECO
1124210,0.31417632,0.08636480908152736,DL19,1,CosineGECO
1129237,0.36548388,0.12240043999015596,DL19,1,CosineGECO
1133167,0.32624763,0.161968164685556,DL19,1,CosineGECO
19335,0.34019834,0.0702914862914863,DL19,1,CorrelationGECO
47923,0.23436216,0.010025062656641603,DL19,1,CorrelationGECO
87181,0.27404326,0.1089573171926113,DL19,1,CorrelationGECO
87452,0.31651425,0.06800008456119641,DL19,1,CorrelationGECO
104861,0.5120858,0.1305317721494192,DL19,1,CorrelationGECO
130510,0.23597701,0.06636904761904762,DL19,1,CorrelationGECO
131843,0.14284483,0.1806105006105006,DL19,1,CorrelationGECO
146187,0.18139152,0.23786236424394316,DL19,1,CorrelationGECO
148538,0.20195648,0.1246143562320033,DL19,1,CorrelationGECO
156493,0.35012966,0.05213235294117648,DL19,1,CorrelationGECO
168216,0.3429394,0.018154761904761903,DL19,1,CorrelationGECO
182539,0.2144644,0.11805502504031914,DL19,1,CorrelationGECO
183378,0.26231915,0.04911119711042312,DL19,1,CorrelationGECO
207786,0.33301252,0.030764365624205443,DL19,1,CorrelationGECO
264014,0.29369813,0.08357354925775978,DL19,1,CorrelationGECO
359349,0.30722266,0.15684878846643552,DL19,1,CorrelationGECO
405717,0.3061832,0.11154851684263449,DL19,1,CorrelationGECO
443396,0.3270747,0.016993464052287584,DL19,1,CorrelationGECO
451602,0.34010646,0.08545590172828024,DL19,1,CorrelationGECO
489204,0.37982374,0.06552075375604788,DL19,1,CorrelationGECO
490595,0.16282143,0.0,DL19,1,CorrelationGECO
527433,0.30762714,0.05771115851140081,DL19,1,CorrelationGECO
573724,0.34635854,0.07625696800619401,DL19,1,CorrelationGECO
833860,0.28851026,0.0724915989807294,DL19,1,CorrelationGECO
855410,0.26557562,0.14184648641691985,DL19,1,CorrelationGECO
915593,0.29778737,0.07005479303305391,DL19,1,CorrelationGECO
962179,0.23305082,0.11298053608795297,DL19,1,CorrelationGECO
1037798,0.18992743,0.0837149089524914,DL19,1,CorrelationGECO
1063750,0.3336785,0.04374501746240876,DL19,1,CorrelationGECO
1103812,0.22008145,0.105695322221638,DL19,1,CorrelationGECO
1106007,0.29223445,0.01534090909090909,DL19,1,CorrelationGECO
1110199,0.2944302,0.05735166721150703,DL19,1,CorrelationGECO
1112341,0.18555966,0.1258569236061496,DL19,1,CorrelationGECO
1113437,0.20442875,0.09934101558243434,DL19,1,CorrelationGECO
1114646,0.3013746,0.09475766622438449,DL19,1,CorrelationGECO
1114819,0.25920367,0.08436247054122945,DL19,1,CorrelationGECO
1115776,0.19081803,0.0391692546583851,DL19,1,CorrelationGECO
1117099,0.1854012,0.09135011441647597,DL19,1,CorrelationGECO
1121402,0.19127187,0.015362318840579708,DL19,1,CorrelationGECO
1121709,0.23455974,0.08612820787743389,DL19,1,CorrelationGECO
1124210,0.34403387,0.11722163629284373,DL19,1,CorrelationGECO
1129237,0.35063156,0.10239016659295297,DL19,1,CorrelationGECO
1133167,0.34918374,0.19968941962750014,DL19,1,CorrelationGECO
19335,0.36053574,0.07070372008452504,DL19,1,KernelDensityGECO
47923,0.30287266,0.03346171802054155,DL19,1,KernelDensityGECO
87181,0.22867754,0.08444026733500418,DL19,1,KernelDensityGECO
87452,0.30470473,0.0603284814600604,DL19,1,KernelDensityGECO
104861,0.50527346,0.1277805772658714,DL19,1,KernelDensityGECO
130510,0.2646598,0.053730158730158725,DL19,1,KernelDensityGECO
131843,0.15224871,0.18406629318394024,DL19,1,KernelDensityGECO
146187,0.22882243,0.1948683261183261,DL19,1,KernelDensityGECO
148538,0.30068403,0.1896285963778224,DL19,1,KernelDensityGECO
156493,0.35825342,0.02404331779331779,DL19,1,KernelDensityGECO
168216,0.22149055,0.030604575163398696,DL19,1,KernelDensityGECO
182539,0.21940908,0.13672400698716486,DL19,1,KernelDensityGECO
183378,0.24363217,0.015476190476190477,DL19,1,KernelDensityGECO
207786,0.26568657,0.03216017316017316,DL19,1,KernelDensityGECO
264014,0.37055534,0.052376623376623375,DL19,1,KernelDensityGECO
359349,0.289782,0.17093334297281665,DL19,1,KernelDensityGECO
405717,0.32433406,0.09766250261606299,DL19,1,KernelDensityGECO
443396,0.31828648,0.026050420168067225,DL19,1,KernelDensityGECO
451602,0.31458095,0.05202213421253669,DL19,1,KernelDensityGECO
489204,0.41930723,0.07079623878536921,DL19,1,KernelDensityGECO
490595,0.19872443,0.00625,DL19,1,KernelDensityGECO
527433,0.2956733,0.09427747976661019,DL19,1,KernelDensityGECO
573724,0.37442487,0.0938488323270932,DL19,1,KernelDensityGECO
833860,0.3187599,0.09494268444497278,DL19,1,KernelDensityGECO
855410,0.24814448,0.163274766169503,DL19,1,KernelDensityGECO
915593,0.23917325,0.08809456083369127,DL19,1,KernelDensityGECO
962179,0.25437862,0.11616833848163773,DL19,1,KernelDensityGECO
1037798,0.1844289,0.06660214785214785,DL19,1,KernelDensityGECO
1063750,0.26382035,0.06435201335659001,DL19,1,KernelDensityGECO
1103812,0.34022135,0.09929530842917571,DL19,1,KernelDensityGECO
1106007,0.25941983,0.0,DL19,1,KernelDensityGECO
1110199,0.45073876,0.12626750700280112,DL19,1,KernelDensityGECO
1112341,0.22539918,0.13889072915388706,DL19,1,KernelDensityGECO
1113437,0.21798368,0.09256485129937142,DL19,1,KernelDensityGECO
1114646,0.3080991,0.11491452991452991,DL19,1,KernelDensityGECO
1114819,0.27835497,0.09129835807467386,DL19,1,KernelDensityGECO
1115776,0.2262073,0.037566166054522496,DL19,1,KernelDensityGECO
1117099,0.27598134,0.11716136301965485,DL19,1,KernelDensityGECO
1121402,0.20625074,0.011805555555555555,DL19,1,KernelDensityGECO
1121709,0.2668644,0.08134307359307359,DL19,1,KernelDensityGECO
1124210,0.41498294,0.06825396825396826,DL19,1,KernelDensityGECO
1129237,0.34509692,0.120484298982751,DL19,1,KernelDensityGECO
1133167,0.38576218,0.1583022953998186,DL19,1,KernelDensityGECO
19335,0.3721036,0.1164703188967895,DL19,5,CosineGECO
47923,0.29231697,0.012955465587044534,DL19,5,CosineGECO
87181,0.29111847,0.07159376571141277,DL19,5,CosineGECO
87452,0.2844292,0.10599804993767843,DL19,5,CosineGECO
104861,0.47574586,0.10637911924676631,DL19,5,CosineGECO
130510,0.28501156,0.05862807943690297,DL19,5,CosineGECO
131843,0.16295111,0.13981425007740797,DL19,5,CosineGECO
146187,0.2441246,0.21511345207939633,DL19,5,CosineGECO
148538,0.27915376,0.17052281052281054,DL19,5,CosineGECO
156493,0.3417061,0.04838855588855588,DL19,5,CosineGECO
168216,0.3619661,0.031826682089839985,DL19,5,CosineGECO
182539,0.2089208,0.11232026143790849,DL19,5,CosineGECO
183378,0.24274495,0.03827814729130519,DL19,5,CosineGECO
207786,0.41788968,0.059452551834130785,DL19,5,CosineGECO
264014,0.4090131,0.08408669108669109,DL19,5,CosineGECO
359349,0.30752623,0.17566087679090775,DL19,5,CosineGECO
405717,0.25006247,0.10555377341283925,DL19,5,CosineGECO
443396,0.2757872,0.00909090909090909,DL19,5,CosineGECO
451602,0.2061843,0.053925931911226035,DL19,5,CosineGECO
489204,0.38174647,0.062235897057878485,DL19,5,CosineGECO
490595,0.21786742,0.0,DL19,5,CosineGECO
527433,0.36014596,0.11259893701070171,DL19,5,CosineGECO
573724,0.2452664,0.09617731941261352,DL19,5,CosineGECO
833860,0.28523067,0.07997992345818432,DL19,5,CosineGECO
855410,0.25375524,0.1264991746299796,DL19,5,CosineGECO
915593,0.26605162,0.060926406926406926,DL19,5,CosineGECO
962179,0.18761942,0.12023221751775393,DL19,5,CosineGECO
1037798,0.23058052,0.11072191697191698,DL19,5,CosineGECO
1063750,0.29265264,0.05914094275078256,DL19,5,CosineGECO
1103812,0.2873909,0.13754613807245386,DL19,5,CosineGECO
1106007,0.2519009,0.0,DL19,5,CosineGECO
1110199,0.24247232,0.05877911690992186,DL19,5,CosineGECO
1112341,0.13978513,0.07889574130047275,DL19,5,CosineGECO
1113437,0.19072491,0.08363361483717521,DL19,5,CosineGECO
1114646,0.2660153,0.13088594412123825,DL19,5,CosineGECO
1114819,0.26504096,0.09097202030705867,DL19,5,CosineGECO
1115776,0.24291739,0.08534084766282908,DL19,5,CosineGECO
1117099,0.19663794,0.10412942896456827,DL19,5,CosineGECO
1121402,0.22320461,0.0395468754036529,DL19,5,CosineGECO
1121709,0.26694655,0.07355645803471891,DL19,5,CosineGECO
1124210,0.3487066,0.08402771634969777,DL19,5,CosineGECO
1129237,0.34348303,0.11240096453254349,DL19,5,CosineGECO
1133167,0.3478225,0.18603383458646616,DL19,5,CosineGECO
19335,0.29745355,0.09193014287054534,DL19,5,CorrelationGECO
47923,0.25930077,0.020004391743522178,DL19,5,CorrelationGECO
87181,0.2891113,0.0973964309684124,DL19,5,CorrelationGECO
87452,0.28772238,0.07343763821318001,DL19,5,CorrelationGECO
104861,0.4997611,0.11564135383020832,DL19,5,CorrelationGECO
130510,0.2387301,0.0315018315018315,DL19,5,CorrelationGECO
131843,0.13855262,0.14138888888888887,DL19,5,CorrelationGECO
146187,0.22826472,0.20408813408813406,DL19,5,CorrelationGECO
148538,0.34357625,0.12366633366633366,DL19,5,CorrelationGECO
156493,0.33498737,0.04985383897148603,DL19,5,CorrelationGECO
168216,0.32506174,0.02185457516339869,DL19,5,CorrelationGECO
182539,0.17341949,0.14431599832915623,DL19,5,CorrelationGECO
183378,0.24866757,0.06534090909090909,DL19,5,CorrelationGECO
207786,0.25197688,0.031382783882783885,DL19,5,CorrelationGECO
264014,0.35656172,0.06002188302417135,DL19,5,CorrelationGECO
359349,0.30347696,0.14735500610500613,DL19,5,CorrelationGECO
405717,0.2570207,0.0830607315389924,DL19,5,CorrelationGECO
443396,0.26408246,0.01,DL19,5,CorrelationGECO
451602,0.32768202,0.04990864527629234,DL19,5,CorrelationGECO
489204,0.4111629,0.06789889032536092,DL19,5,CorrelationGECO
490595,0.17306516,0.005263157894736842,DL19,5,CorrelationGECO
527433,0.2487193,0.06607548282470883,DL19,5,CorrelationGECO
573724,0.2915339,0.11418986118127994,DL19,5,CorrelationGECO
833860,0.28764176,0.09688357256778309,DL19,5,CorrelationGECO
855410,0.24724591,0.17982363225010284,DL19,5,CorrelationGECO
915593,0.25479823,0.058649347153048856,DL19,5,CorrelationGECO
962179,0.18231066,0.1006715016635598,DL19,5,CorrelationGECO
1037798,0.25681967,0.06670106639146886,DL19,5,CorrelationGECO
1063750,0.2742737,0.05153216952129995,DL19,5,CorrelationGECO
1103812,0.26047757,0.11821879239499378,DL19,5,CorrelationGECO
1106007,0.2555303,0.0,DL19,5,CorrelationGECO
1110199,0.2337286,0.0528145873734109,DL19,5,CorrelationGECO
1112341,0.16515067,0.07716953336518553,DL19,5,CorrelationGECO
1113437,0.2215468,0.11424906964380648,DL19,5,CorrelationGECO
1114646,0.28306445,0.09791132242370632,DL19,5,CorrelationGECO
1114819,0.34177083,0.09276315789473684,DL19,5,CorrelationGECO
1115776,0.25531477,0.05879889247842539,DL19,5,CorrelationGECO
1117099,0.20291093,0.09633040935672514,DL19,5,CorrelationGECO
1121402,0.23835139,0.016437908496732025,DL19,5,CorrelationGECO
1121709,0.21473114,0.07056560654538176,DL19,5,CorrelationGECO
1124210,0.37806898,0.0771822547302087,DL19,5,CorrelationGECO
1129237,0.30840096,0.09685725811183477,DL19,5,CorrelationGECO
1133167,0.3674766,0.1631698401357844,DL19,5,CorrelationGECO
19335,0.27840465,0.08052351844921504,DL19,5,KernelDensityGECO
47923,0.25006837,0.03913021618903972,DL19,5,KernelDensityGECO
87181,0.32995856,0.09188495714811504,DL19,5,KernelDensityGECO
87452,0.306122,0.07366715585755833,DL19,5,KernelDensityGECO
104861,0.533332,0.12935752113383692,DL19,5,KernelDensityGECO
130510,0.34389573,0.0527421494913755,DL19,5,KernelDensityGECO
131843,0.14404923,0.12069761507842003,DL19,5,KernelDensityGECO
146187,0.23405342,0.24038650075414783,DL19,5,KernelDensityGECO
148538,0.28799194,0.17082679575326634,DL19,5,KernelDensityGECO
156493,0.3369468,0.03168831168831169,DL19,5,KernelDensityGECO
168216,0.23591511,0.017955465587044535,DL19,5,KernelDensityGECO
182539,0.16167653,0.11655348306664096,DL19,5,KernelDensityGECO
183378,0.24898224,0.04428571428571428,DL19,5,KernelDensityGECO
207786,0.35051903,0.036833206203915586,DL19,5,KernelDensityGECO
264014,0.42309728,0.13656570124062384,DL19,5,KernelDensityGECO
359349,0.20604257,0.10833413918233543,DL19,5,KernelDensityGECO
405717,0.3121024,0.14178847296494354,DL19,5,KernelDensityGECO
443396,0.29035246,0.012454212454212455,DL19,5,KernelDensityGECO
451602,0.2978819,0.09683978702083426,DL19,5,KernelDensityGECO
489204,0.4183329,0.05528829615516921,DL19,5,KernelDensityGECO
490595,0.21332188,0.007142857142857143,DL19,5,KernelDensityGECO
527433,0.27469474,0.09580467193625089,DL19,5,KernelDensityGECO
573724,0.28740665,0.07138403786229873,DL19,5,KernelDensityGECO
833860,0.32806712,0.07890824655220939,DL19,5,KernelDensityGECO
855410,0.26017547,0.14203961071608132,DL19,5,KernelDensityGECO
915593,0.2236691,0.07160017357843444,DL19,5,KernelDensityGECO
962179,0.16533074,0.10202013743573846,DL19,5,KernelDensityGECO
1037798,0.24333386,0.06461393252953355,DL19,5,KernelDensityGECO
1063750,0.24534158,0.047072686932526746,DL19,5,KernelDensityGECO
1103812,0.23762353,0.08264943368651809,DL19,5,KernelDensityGECO
1106007,0.21582551,0.0,DL19,5,KernelDensityGECO
1110199,0.21839234,0.03128389154704944,DL19,5,KernelDensityGECO
1112341,0.21450278,0.11154585180900971,DL19,5,KernelDensityGECO
1113437,0.23721847,0.0859313725490196,DL19,5,KernelDensityGECO
1114646,0.3141046,0.09495263895031697,DL19,5,KernelDensityGECO
1114819,0.29582256,0.09682889288438487,DL19,5,KernelDensityGECO
1115776,0.13331887,0.05506405144563039,DL19,5,KernelDensityGECO
1117099,0.31656608,0.14018939393939395,DL19,5,KernelDensityGECO
1121402,0.2406122,0.04180735930735931,DL19,5,KernelDensityGECO
1121709,0.27314043,0.08446532999164577,DL19,5,KernelDensityGECO
1124210,0.36889455,0.0831390728294753,DL19,5,KernelDensityGECO
1129237,0.3710233,0.09930703068860963,DL19,5,KernelDensityGECO
1133167,0.3232789,0.1934126984126984,DL19,5,KernelDensityGECO
19335,0.3528721,0.05574859780742134,DL19,10,CosineGECO
47923,0.26578844,0.014358974358974357,DL19,10,CosineGECO
87181,0.284781,0.06612484737484738,DL19,10,CosineGECO
87452,0.28906846,0.07743870895186684,DL19,10,CosineGECO
104861,0.49468595,0.10721339891618528,DL19,10,CosineGECO
130510,0.27426234,0.048333333333333325,DL19,10,CosineGECO
131843,0.118357,0.1773272865765126,DL19,10,CosineGECO
146187,0.19724616,0.28482811306340716,DL19,10,CosineGECO
148538,0.3040763,0.1454765087853323,DL19,10,CosineGECO
156493,0.33515853,0.029944530443756452,DL19,10,CosineGECO
168216,0.2766927,0.04927521008403361,DL19,10,CosineGECO
182539,0.18970564,0.09580321424361672,DL19,10,CosineGECO
183378,0.21730013,0.02571428571428571,DL19,10,CosineGECO
207786,0.3491368,0.048450558213716105,DL19,10,CosineGECO
264014,0.30236948,0.0555228981544771,DL19,10,CosineGECO
359349,0.17345765,0.16747309063485533,DL19,10,CosineGECO
405717,0.2826643,0.09393009768009768,DL19,10,CosineGECO
443396,0.28535017,0.0467156862745098,DL19,10,CosineGECO
451602,0.24801703,0.050694444444444445,DL19,10,CosineGECO
489204,0.46622038,0.10227296181630548,DL19,10,CosineGECO
490595,0.29199046,0.016666666666666666,DL19,10,CosineGECO
527433,0.3215795,0.08120915032679739,DL19,10,CosineGECO
573724,0.34314042,0.10702950558213715,DL19,10,CosineGECO
833860,0.3428308,0.13925862351629617,DL19,10,CosineGECO
855410,0.29913914,0.13312704839020628,DL19,10,CosineGECO
915593,0.21823278,0.09114397537671196,DL19,10,CosineGECO
962179,0.18191817,0.12780825168983062,DL19,10,CosineGECO
1037798,0.20883624,0.09329400991165697,DL19,10,CosineGECO
1063750,0.24104841,0.052052010791141225,DL19,10,CosineGECO
1103812,0.20270117,0.08746376811594203,DL19,10,CosineGECO
1106007,0.29519337,0.0,DL19,10,CosineGECO
1110199,0.2699123,0.040076162078450404,DL19,10,CosineGECO
1112341,0.29662395,0.11292882556040451,DL19,10,CosineGECO
1113437,0.21573491,0.10718147049029403,DL19,10,CosineGECO
1114646,0.31103587,0.11892623716153128,DL19,10,CosineGECO
1114819,0.35279468,0.10787664814209437,DL19,10,CosineGECO
1115776,0.20085308,0.05917802957276641,DL19,10,CosineGECO
1117099,0.30178663,0.14287433326907012,DL19,10,CosineGECO
1121402,0.16325542,0.030659983291562238,DL19,10,CosineGECO
1121709,0.29691675,0.06639294314216915,DL19,10,CosineGECO
1124210,0.3117172,0.07445119208277104,DL19,10,CosineGECO
1129237,0.35854316,0.13118601986249045,DL19,10,CosineGECO
1133167,0.34397224,0.1590650869598238,DL19,10,CosineGECO
19335,0.35984638,0.07619453044375644,DL19,10,CorrelationGECO
47923,0.30782852,0.01213235294117647,DL19,10,CorrelationGECO
87181,0.27373776,0.07084441873915558,DL19,10,CorrelationGECO
87452,0.27726454,0.10981330331175532,DL19,10,CorrelationGECO
104861,0.5149143,0.10195043089005937,DL19,10,CorrelationGECO
130510,0.29991406,0.024720171469397475,DL19,10,CorrelationGECO
131843,0.16287956,0.1504154995331466,DL19,10,CorrelationGECO
146187,0.22528382,0.2384195010356001,DL19,10,CorrelationGECO
148538,0.2999848,0.1616883116883117,DL19,10,CorrelationGECO
156493,0.25112146,0.03111111111111111,DL19,10,CorrelationGECO
168216,0.28800514,0.015263157894736843,DL19,10,CorrelationGECO
182539,0.19777206,0.10601836888601594,DL19,10,CorrelationGECO
183378,0.26904076,0.04623538011695906,DL19,10,CorrelationGECO
207786,0.34165365,0.019025062656641605,DL19,10,CorrelationGECO
264014,0.37812245,0.06655178155178156,DL19,10,CorrelationGECO
359349,0.26325458,0.1607712701242113,DL19,10,CorrelationGECO
405717,0.31146866,0.09932657813462767,DL19,10,CorrelationGECO
443396,0.2634731,0.017261904761904763,DL19,10,CorrelationGECO
451602,0.28603467,0.06464491461933916,DL19,10,CorrelationGECO
489204,0.3708815,0.05830732562930705,DL19,10,CorrelationGECO
490595,0.25083864,0.00625,DL19,10,CorrelationGECO
527433,0.2710232,0.08232026143790849,DL19,10,CorrelationGECO
573724,0.36226058,0.12449691932108813,DL19,10,CorrelationGECO
833860,0.35500696,0.13556633751898928,DL19,10,CorrelationGECO
855410,0.22429116,0.15714529751294457,DL19,10,CorrelationGECO
915593,0.26126888,0.0493621244933089,DL19,10,CorrelationGECO
962179,0.20304167,0.10802451781627982,DL19,10,CorrelationGECO
1037798,0.1865352,0.07753234897197744,DL19,10,CorrelationGECO
1063750,0.36050418,0.07024832434880893,DL19,10,CorrelationGECO
1103812,0.27701274,0.12251946213774859,DL19,10,CorrelationGECO
1106007,0.2615323,0.0,DL19,10,CorrelationGECO
1110199,0.22002265,0.03626373626373626,DL19,10,CorrelationGECO
1112341,0.23055518,0.1058275260171545,DL19,10,CorrelationGECO
1113437,0.26395258,0.11322245564892623,DL19,10,CorrelationGECO
1114646,0.3413791,0.08468801795040184,DL19,10,CorrelationGECO
1114819,0.30548656,0.08743404542317586,DL19,10,CorrelationGECO
1115776,0.15786827,0.05156739888938031,DL19,10,CorrelationGECO
1117099,0.31846017,0.1412936753648828,DL19,10,CorrelationGECO
1121402,0.20542772,0.029101010101010107,DL19,10,CorrelationGECO
1121709,0.30468476,0.045829640947288,DL19,10,CorrelationGECO
1124210,0.31331238,0.07198773448773449,DL19,10,CorrelationGECO
1129237,0.3474946,0.10995741358744456,DL19,10,CorrelationGECO
1133167,0.34078518,0.16412167339024925,DL19,10,CorrelationGECO
19335,0.3648649,0.11489139515455304,DL19,10,KernelDensityGECO
47923,0.18315366,0.014354066985645933,DL19,10,KernelDensityGECO
87181,0.2733423,0.08234592162223742,DL19,10,KernelDensityGECO
87452,0.3311901,0.09979475933423301,DL19,10,KernelDensityGECO
104861,0.53793156,0.15660597572362278,DL19,10,KernelDensityGECO
130510,0.24579355,0.03705738705738706,DL19,10,KernelDensityGECO
131843,0.19913755,0.12640866873065015,DL19,10,KernelDensityGECO
146187,0.18309113,0.20817379515908926,DL19,10,KernelDensityGECO
148538,0.30826074,0.21165804783451841,DL19,10,KernelDensityGECO
156493,0.31154385,0.028761140819964347,DL19,10,KernelDensityGECO
168216,0.269751,0.018398268398268396,DL19,10,KernelDensityGECO
182539,0.16021541,0.09281623175586025,DL19,10,KernelDensityGECO
183378,0.23019275,0.02142857142857143,DL19,10,KernelDensityGECO
207786,0.27520427,0.013391608391608393,DL19,10,KernelDensityGECO
264014,0.35338917,0.08760715934628978,DL19,10,KernelDensityGECO
359349,0.23512137,0.18546914154331035,DL19,10,KernelDensityGECO
405717,0.3764523,0.14329248366013073,DL19,10,KernelDensityGECO
443396,0.3112107,0.01838235294117647,DL19,10,KernelDensityGECO
451602,0.24817383,0.0643545751633987,DL19,10,KernelDensityGECO
489204,0.33440617,0.07508512370505908,DL19,10,KernelDensityGECO
490595,0.25581232,0.013025210084033612,DL19,10,KernelDensityGECO
527433,0.3185816,0.09911737514291694,DL19,10,KernelDensityGECO
573724,0.33013886,0.10491053060847111,DL19,10,KernelDensityGECO
833860,0.3509806,0.15859399492836027,DL19,10,KernelDensityGECO
855410,0.28327447,0.16174338088811774,DL19,10,KernelDensityGECO
915593,0.32866198,0.06870333442301406,DL19,10,KernelDensityGECO
962179,0.26758677,0.11636601384885137,DL19,10,KernelDensityGECO
1037798,0.22444944,0.07377747252747253,DL19,10,KernelDensityGECO
1063750,0.34981793,0.06765019036690863,DL19,10,KernelDensityGECO
1103812,0.254942,0.13652665317139,DL19,10,KernelDensityGECO
1106007,0.36179277,0.0,DL19,10,KernelDensityGECO
1110199,0.32267135,0.08709029704385741,DL19,10,KernelDensityGECO
1112341,0.20000723,0.13536340852130327,DL19,10,KernelDensityGECO
1113437,0.33679086,0.10726712614870508,DL19,10,KernelDensityGECO
1114646,0.2928738,0.08781540956463557,DL19,10,KernelDensityGECO
1114819,0.30709347,0.08095597840914423,DL19,10,KernelDensityGECO
1115776,0.22216067,0.08197653223969012,DL19,10,KernelDensityGECO
1117099,0.26146063,0.1401627229839304,DL19,10,KernelDensityGECO
1121402,0.2303948,0.024887977519556466,DL19,10,KernelDensityGECO
1121709,0.23513266,0.08873193870636326,DL19,10,KernelDensityGECO
1124210,0.29595155,0.07392246642246643,DL19,10,KernelDensityGECO
1129237,0.3606034,0.10297778537252222,DL19,10,KernelDensityGECO
1133167,0.42838913,0.18636204481792715,DL19,10,KernelDensityGECO
19335,0.40475243,0.08695599721915512,DL19,15,CosineGECO
47923,0.2039932,0.03100140056022409,DL19,15,CosineGECO
87181,0.264302,0.08252307333189686,DL19,15,CosineGECO
87452,0.27481818,0.09328713941717037,DL19,15,CosineGECO
104861,0.49892965,0.11282177574747235,DL19,15,CosineGECO
130510,0.28055468,0.04267768780926676,DL19,15,CosineGECO
131843,0.14954618,0.07115440115440115,DL19,15,CosineGECO
146187,0.204501,0.21064702841018632,DL19,15,CosineGECO
148538,0.1895635,0.19389652014652015,DL19,15,CosineGECO
156493,0.38958445,0.0373453240945501,DL19,15,CosineGECO
168216,0.3239388,0.014858058608058607,DL19,15,CosineGECO
182539,0.15517375,0.10419518347149925,DL19,15,CosineGECO
183378,0.19600376,0.05277680652680653,DL19,15,CosineGECO
207786,0.32693094,0.040674603174603176,DL19,15,CosineGECO
264014,0.3720042,0.08155844344231071,DL19,15,CosineGECO
359349,0.23205106,0.15029543555859343,DL19,15,CosineGECO
405717,0.27078363,0.0892974302958823,DL19,15,CosineGECO
443396,0.27254388,0.019285714285714285,DL19,15,CosineGECO
451602,0.24434276,0.05120798319327731,DL19,15,CosineGECO
489204,0.4099694,0.08250927564008059,DL19,15,CosineGECO
490595,0.22675657,0.025326797385620915,DL19,15,CosineGECO
527433,0.3206285,0.10534274935590723,DL19,15,CosineGECO
573724,0.2752511,0.07970842882607589,DL19,15,CosineGECO
833860,0.30842602,0.09317460317460317,DL19,15,CosineGECO
855410,0.26159224,0.12951606958572903,DL19,15,CosineGECO
915593,0.24177313,0.07354866408574848,DL19,15,CosineGECO
962179,0.20516281,0.09834770621535327,DL19,15,CosineGECO
1037798,0.20403695,0.06942982456140351,DL19,15,CosineGECO
1063750,0.26107693,0.039706690969848864,DL19,15,CosineGECO
1103812,0.26496512,0.10413728641350124,DL19,15,CosineGECO
1106007,0.27239254,0.0,DL19,15,CosineGECO
1110199,0.26452127,0.061073170895152316,DL19,15,CosineGECO
1112341,0.17385542,0.08805555555555555,DL19,15,CosineGECO
1113437,0.25857276,0.11455597893678389,DL19,15,CosineGECO
1114646,0.305506,0.0777990838710653,DL19,15,CosineGECO
1114819,0.22956535,0.06883183021492349,DL19,15,CosineGECO
1115776,0.2174551,0.056376072757651705,DL19,15,CosineGECO
1117099,0.23862867,0.10465956558061822,DL19,15,CosineGECO
1121402,0.31009883,0.025145510835913314,DL19,15,CosineGECO
1121709,0.24812277,0.09417604617604618,DL19,15,CosineGECO
1124210,0.32363024,0.12181929181929181,DL19,15,CosineGECO
1129237,0.32804042,0.08283335943232968,DL19,15,CosineGECO
1133167,0.34718317,0.19398735810113518,DL19,15,CosineGECO
19335,0.37307164,0.11336154042036395,DL19,15,CorrelationGECO
47923,0.33854952,0.04506598793363499,DL19,15,CorrelationGECO
87181,0.2541011,0.09339492207139266,DL19,15,CorrelationGECO
87452,0.27725983,0.09226517189903918,DL19,15,CorrelationGECO
104861,0.42476955,0.11337482520919054,DL19,15,CorrelationGECO
130510,0.27035645,0.031129785247432307,DL19,15,CorrelationGECO
131843,0.1293291,0.11202131202131202,DL19,15,CorrelationGECO
146187,0.21211593,0.21388953152111045,DL19,15,CorrelationGECO
148538,0.2795268,0.18211467454114513,DL19,15,CorrelationGECO
156493,0.42636332,0.0392063492063492,DL19,15,CorrelationGECO
168216,0.3718378,0.031031746031746032,DL19,15,CorrelationGECO
182539,0.18405737,0.10631715506715507,DL19,15,CorrelationGECO
183378,0.29604197,0.06299145299145299,DL19,15,CorrelationGECO
207786,0.25340554,0.004,DL19,15,CorrelationGECO
264014,0.39279646,0.06662456536598413,DL19,15,CorrelationGECO
359349,0.20719609,0.1392196209587514,DL19,15,CorrelationGECO
405717,0.31045175,0.09173163824479615,DL19,15,CorrelationGECO
443396,0.32224327,0.0058823529411764705,DL19,15,CorrelationGECO
451602,0.21565764,0.07388360607400854,DL19,15,CorrelationGECO
489204,0.3885979,0.05839574426261732,DL19,15,CorrelationGECO
490595,0.110188946,0.0,DL19,15,CorrelationGECO
527433,0.2619023,0.05364028944911298,DL19,15,CorrelationGECO
573724,0.28884757,0.06699099692577953,DL19,15,CorrelationGECO
833860,0.31028262,0.10320724597040387,DL19,15,CorrelationGECO
855410,0.2816019,0.20918718536365594,DL19,15,CorrelationGECO
915593,0.24542663,0.0494414175535457,DL19,15,CorrelationGECO
962179,0.21107304,0.12224849668735119,DL19,15,CorrelationGECO
1037798,0.17675208,0.06944805194805195,DL19,15,CorrelationGECO
1063750,0.3263892,0.048835331335331335,DL19,15,CorrelationGECO
1103812,0.2895655,0.1290542332213486,DL19,15,CorrelationGECO
1106007,0.30468363,0.0,DL19,15,CorrelationGECO
1110199,0.3350183,0.0808531131750946,DL19,15,CorrelationGECO
1112341,0.23312947,0.08056836535783904,DL19,15,CorrelationGECO
1113437,0.24969728,0.10301525615767101,DL19,15,CorrelationGECO
1114646,0.33408552,0.08590273144991142,DL19,15,CorrelationGECO
1114819,0.32018697,0.09401406596200647,DL19,15,CorrelationGECO
1115776,0.22374329,0.06156540956463556,DL19,15,CorrelationGECO
1117099,0.27716026,0.10588127515759094,DL19,15,CorrelationGECO
1121402,0.19450755,0.03166808752486502,DL19,15,CorrelationGECO
1121709,0.2957621,0.09499582289055973,DL19,15,CorrelationGECO
1124210,0.29442933,0.10312021312021313,DL19,15,CorrelationGECO
1129237,0.3613843,0.13901572505432377,DL19,15,CorrelationGECO
1133167,0.37328842,0.16176895000424413,DL19,15,CorrelationGECO
19335,0.37655154,0.13159440834363434,DL19,15,KernelDensityGECO
47923,0.30794433,0.01719187675070028,DL19,15,KernelDensityGECO
87181,0.23587224,0.10391699803464509,DL19,15,KernelDensityGECO
87452,0.3216092,0.08692240336203186,DL19,15,KernelDensityGECO
104861,0.522183,0.10254285317365812,DL19,15,KernelDensityGECO
130510,0.33671322,0.06832282913165266,DL19,15,KernelDensityGECO
131843,0.21912816,0.1826785714285714,DL19,15,KernelDensityGECO
146187,0.19679973,0.23323238994594492,DL19,15,KernelDensityGECO
148538,0.26918575,0.1705982905982906,DL19,15,KernelDensityGECO
156493,0.321207,0.04430910163108305,DL19,15,KernelDensityGECO
168216,0.2557779,0.02907268170426065,DL19,15,KernelDensityGECO
182539,0.20660058,0.10982156732156731,DL19,15,KernelDensityGECO
183378,0.26352894,0.023033216783216785,DL19,15,KernelDensityGECO
207786,0.29020077,0.049479480787530325,DL19,15,KernelDensityGECO
264014,0.48758274,0.09331251107566899,DL19,15,KernelDensityGECO
359349,0.3618095,0.1952360504992084,DL19,15,KernelDensityGECO
405717,0.338285,0.1342055411908353,DL19,15,KernelDensityGECO
443396,0.3012713,0.014285714285714285,DL19,15,KernelDensityGECO
451602,0.32712898,0.09230180193566921,DL19,15,KernelDensityGECO
489204,0.40292034,0.062432559980513946,DL19,15,KernelDensityGECO
490595,0.28451088,0.02158119658119658,DL19,15,KernelDensityGECO
527433,0.41676107,0.13961933491345255,DL19,15,KernelDensityGECO
573724,0.4300065,0.15157064102945111,DL19,15,KernelDensityGECO
833860,0.42134696,0.1621356756418676,DL19,15,KernelDensityGECO
855410,0.2712748,0.18120558363205422,DL19,15,KernelDensityGECO
915593,0.28216285,0.05347619369358499,DL19,15,KernelDensityGECO
962179,0.22699983,0.12057882004476432,DL19,15,KernelDensityGECO
1037798,0.30834112,0.08802454855086433,DL19,15,KernelDensityGECO
1063750,0.31449825,0.06270292826928983,DL19,15,KernelDensityGECO
1103812,0.3780759,0.1323173140069425,DL19,15,KernelDensityGECO
1106007,0.34983775,0.007142857142857143,DL19,15,KernelDensityGECO
1110199,0.23968951,0.05895658263305322,DL19,15,KernelDensityGECO
1112341,0.2473371,0.056232307822696836,DL19,15,KernelDensityGECO
1113437,0.183636,0.10572182891068341,DL19,15,KernelDensityGECO
1114646,0.2908557,0.1573207184971891,DL19,15,KernelDensityGECO
1114819,0.266492,0.06744231645547435,DL19,15,KernelDensityGECO
1115776,0.19616143,0.06610839598997494,DL19,15,KernelDensityGECO
1117099,0.3152894,0.13101391255803022,DL19,15,KernelDensityGECO
1121402,0.20343041,0.010263157894736842,DL19,15,KernelDensityGECO
1121709,0.22256386,0.08202472965630861,DL19,15,KernelDensityGECO
1124210,0.35899562,0.08579365079365078,DL19,15,KernelDensityGECO
1129237,0.35154885,0.14285049988374796,DL19,15,KernelDensityGECO
1133167,0.46368694,0.14852485491804376,DL19,15,KernelDensityGECO
19335,0.34371337,0.07139294314216915,DL19,20,CosineGECO
47923,0.28443766,0.019583333333333335,DL19,20,CosineGECO
87181,0.30341277,0.0801196902512692,DL19,20,CosineGECO
87452,0.27520943,0.11283094098883573,DL19,20,CosineGECO
104861,0.4445568,0.08861516536439137,DL19,20,CosineGECO
130510,0.29561824,0.05413992869875223,DL19,20,CosineGECO
131843,0.16906367,0.14226299843946905,DL19,20,CosineGECO
146187,0.19498128,0.18912931366878735,DL19,20,CosineGECO
148538,0.281857,0.1485047305635541,DL19,20,CosineGECO
156493,0.37580925,0.03252765064836003,DL19,20,CosineGECO
168216,0.27230105,0.04717969723774677,DL19,20,CosineGECO
182539,0.2258403,0.12284954811270601,DL19,20,CosineGECO
183378,0.2718212,0.03468253968253968,DL19,20,CosineGECO
207786,0.3139261,0.03372893016855865,DL19,20,CosineGECO
264014,0.38751966,0.0956280193236715,DL19,20,CosineGECO
359349,0.25294563,0.09615600043231623,DL19,20,CosineGECO
405717,0.3236435,0.09009634642290451,DL19,20,CosineGECO
443396,0.21807113,0.012454212454212455,DL19,20,CosineGECO
451602,0.27559,0.08756357806280407,DL19,20,CosineGECO
489204,0.40253323,0.058357228856454856,DL19,20,CosineGECO
490595,0.22241357,0.0,DL19,20,CosineGECO
527433,0.34919515,0.04905731523378583,DL19,20,CosineGECO
573724,0.42684278,0.15591569651389275,DL19,20,CosineGECO
833860,0.31789318,0.09761818791230556,DL19,20,CosineGECO
855410,0.2636993,0.16925715194678043,DL19,20,CosineGECO
915593,0.28197303,0.07567907901252993,DL19,20,CosineGECO
962179,0.23941627,0.10774686716791979,DL19,20,CosineGECO
1037798,0.19479157,0.06798875960640667,DL19,20,CosineGECO
1063750,0.35617846,0.04840610114523158,DL19,20,CosineGECO
1103812,0.31355634,0.11618931464132702,DL19,20,CosineGECO
1106007,0.2533801,0.007142857142857143,DL19,20,CosineGECO
1110199,0.332897,0.04712355311190956,DL19,20,CosineGECO
1112341,0.3044947,0.0877585541393591,DL19,20,CosineGECO
1113437,0.19919427,0.09557157883396274,DL19,20,CosineGECO
1114646,0.31209984,0.09191793285833534,DL19,20,CosineGECO
1114819,0.32109347,0.11108180991694923,DL19,20,CosineGECO
1115776,0.19520721,0.06463235294117647,DL19,20,CosineGECO
1117099,0.23524606,0.13239832091376713,DL19,20,CosineGECO
1121402,0.19577898,0.02434782608695652,DL19,20,CosineGECO
1121709,0.22861823,0.08486883285796329,DL19,20,CosineGECO
1124210,0.3007087,0.09756056808688388,DL19,20,CosineGECO
1129237,0.38444513,0.11174690776386834,DL19,20,CosineGECO
1133167,0.3363747,0.16586622527798997,DL19,20,CosineGECO
19335,0.4307459,0.08224089635854341,DL19,20,CorrelationGECO
47923,0.29291072,0.023382352941176472,DL19,20,CorrelationGECO
87181,0.28589782,0.05272642390289449,DL19,20,CorrelationGECO
87452,0.34378022,0.06580182072829131,DL19,20,CorrelationGECO
104861,0.49895826,0.13119042893810695,DL19,20,CorrelationGECO
130510,0.29378694,0.04629329004329004,DL19,20,CorrelationGECO
131843,0.23252246,0.15999999999999998,DL19,20,CorrelationGECO
146187,0.24438098,0.1667710720651897,DL19,20,CorrelationGECO
148538,0.26572505,0.21511181800655485,DL19,20,CorrelationGECO
156493,0.37991816,0.04379110339788089,DL19,20,CorrelationGECO
168216,0.26924708,0.016526610644257703,DL19,20,CorrelationGECO
182539,0.16404177,0.10644565644717079,DL19,20,CorrelationGECO
183378,0.29430482,0.043345902463549524,DL19,20,CorrelationGECO
207786,0.34573045,0.03380229419703104,DL19,20,CorrelationGECO
264014,0.37456384,0.06382227555053642,DL19,20,CorrelationGECO
359349,0.17987403,0.13464593413122825,DL19,20,CorrelationGECO
405717,0.2778271,0.11536649410101422,DL19,20,CorrelationGECO
443396,0.32859716,0.013247863247863248,DL19,20,CorrelationGECO
451602,0.19410133,0.09875,DL19,20,CorrelationGECO
489204,0.40595403,0.06975197575042777,DL19,20,CorrelationGECO
490595,0.17557298,0.0,DL19,20,CorrelationGECO
527433,0.30453873,0.08190850070645468,DL19,20,CorrelationGECO
573724,0.31644922,0.0843849990589121,DL19,20,CorrelationGECO
833860,0.33697253,0.09358929374718848,DL19,20,CorrelationGECO
855410,0.21002972,0.1517145191409897,DL19,20,CorrelationGECO
915593,0.25303006,0.06179872301611432,DL19,20,CorrelationGECO
962179,0.22021762,0.14216560714154602,DL19,20,CorrelationGECO
1037798,0.24820705,0.061830693815987936,DL19,20,CorrelationGECO
1063750,0.2868003,0.06373384927093367,DL19,20,CorrelationGECO
1103812,0.28512606,0.11081814498374601,DL19,20,CorrelationGECO
1106007,0.31996036,0.007142857142857143,DL19,20,CorrelationGECO
1110199,0.25290394,0.061222753854332804,DL19,20,CorrelationGECO
1112341,0.27382278,0.11279002430318219,DL19,20,CorrelationGECO
1113437,0.1910982,0.09610572146478728,DL19,20,CorrelationGECO
1114646,0.26281202,0.08671363552168505,DL19,20,CorrelationGECO
1114819,0.28345528,0.10922095010252905,DL19,20,CorrelationGECO
1115776,0.19289255,0.07919620412267471,DL19,20,CorrelationGECO
1117099,0.26883596,0.12277382818942921,DL19,20,CorrelationGECO
1121402,0.19291766,0.006666666666666666,DL19,20,CorrelationGECO
1121709,0.23374319,0.08745522451404804,DL19,20,CorrelationGECO
1124210,0.32068452,0.06841703618019407,DL19,20,CorrelationGECO
1129237,0.38221812,0.08944210760000233,DL19,20,CorrelationGECO
1133167,0.34117,0.15586890577602652,DL19,20,CorrelationGECO
19335,0.36686236,0.12002911690992187,DL19,20,KernelDensityGECO
47923,0.3942561,0.046601860042262515,DL19,20,KernelDensityGECO
87181,0.321873,0.12474278172807585,DL19,20,KernelDensityGECO
87452,0.29154596,0.0726003876584372,DL19,20,KernelDensityGECO
104861,0.48066726,0.10673626210390916,DL19,20,KernelDensityGECO
130510,0.34420252,0.03970760233918129,DL19,20,KernelDensityGECO
131843,0.14755848,0.11406733746130031,DL19,20,KernelDensityGECO
146187,0.23728848,0.2396286066874302,DL19,20,KernelDensityGECO
148538,0.30890355,0.1652534965034965,DL19,20,KernelDensityGECO
156493,0.38576853,0.050593187342413345,DL19,20,KernelDensityGECO
168216,0.42436892,0.03827814729130519,DL19,20,KernelDensityGECO
182539,0.21807162,0.1093415734592205,DL19,20,KernelDensityGECO
183378,0.24262631,0.024354575163398694,DL19,20,KernelDensityGECO
207786,0.35531777,0.041701066391468866,DL19,20,KernelDensityGECO
264014,0.51323533,0.1245940170940171,DL19,20,KernelDensityGECO
359349,0.23499188,0.15208524920212227,DL19,20,KernelDensityGECO
405717,0.31692237,0.13851841712825694,DL19,20,KernelDensityGECO
443396,0.24347861,0.023803418803418804,DL19,20,KernelDensityGECO
451602,0.32148376,0.09070261437908497,DL19,20,KernelDensityGECO
489204,0.41799393,0.08122481448719839,DL19,20,KernelDensityGECO
490595,0.2048563,0.017142857142857144,DL19,20,KernelDensityGECO
527433,0.3188514,0.09141806722689075,DL19,20,KernelDensityGECO
573724,0.4462832,0.14295646761119907,DL19,20,KernelDensityGECO
833860,0.39038798,0.11260560904523753,DL19,20,KernelDensityGECO
855410,0.3102683,0.14653446398802436,DL19,20,KernelDensityGECO
915593,0.2784891,0.06944170644170644,DL19,20,KernelDensityGECO
962179,0.25780544,0.1120489417989418,DL19,20,KernelDensityGECO
1037798,0.28689528,0.08329623878536921,DL19,20,KernelDensityGECO
1063750,0.34635967,0.05229222950962081,DL19,20,KernelDensityGECO
1103812,0.16359454,0.07483691154047191,DL19,20,KernelDensityGECO
1106007,0.31186056,0.007142857142857143,DL19,20,KernelDensityGECO
1110199,0.40593678,0.09477124183006536,DL19,20,KernelDensityGECO
1112341,0.22264679,0.12282921711781584,DL19,20,KernelDensityGECO
1113437,0.17279802,0.1054264696656001,DL19,20,KernelDensityGECO
1114646,0.25340003,0.0933842383107089,DL19,20,KernelDensityGECO
1114819,0.49562472,0.1503623188405797,DL19,20,KernelDensityGECO
1115776,0.30736104,0.069505710577692,DL19,20,KernelDensityGECO
1117099,0.2835154,0.1284376256125482,DL19,20,KernelDensityGECO
1121402,0.20473376,0.01213235294117647,DL19,20,KernelDensityGECO
1121709,0.23786075,0.06507696938424493,DL19,20,KernelDensityGECO
1124210,0.35637292,0.07730921855921855,DL19,20,KernelDensityGECO
1129237,0.37837523,0.12135226881821308,DL19,20,KernelDensityGECO
1133167,0.4175573,0.18116178927711435,DL19,20,KernelDensityGECO
19335,0.3886904,0.08216153127917833,DL19,50,CosineGECO
47923,0.25678056,0.024503968253968254,DL19,50,CosineGECO
87181,0.31883392,0.11343767343767344,DL19,50,CosineGECO
87452,0.32317656,0.08865067079463364,DL19,50,CosineGECO
104861,0.4883131,0.12847364308042059,DL19,50,CosineGECO
130510,0.32474473,0.03948412698412698,DL19,50,CosineGECO
131843,0.33166817,0.15644863908021805,DL19,50,CosineGECO
146187,0.19430047,0.24242274237630274,DL19,50,CosineGECO
148538,0.44365683,0.13401355180766944,DL19,50,CosineGECO
156493,0.38309813,0.029201066391468865,DL19,50,CosineGECO
168216,0.4042705,0.05397591572514173,DL19,50,CosineGECO
182539,0.16952303,0.09162816543621496,DL19,50,CosineGECO
183378,0.2688594,0.03468137254901961,DL19,50,CosineGECO
207786,0.41735935,0.07400040246318346,DL19,50,CosineGECO
264014,0.38708434,0.05216450216450217,DL19,50,CosineGECO
359349,0.23089036,0.14767904610009872,DL19,50,CosineGECO
405717,0.39763665,0.14403540903540904,DL19,50,CosineGECO
443396,0.2709161,0.03089646464646465,DL19,50,CosineGECO
451602,0.32902688,0.07555727554179567,DL19,50,CosineGECO
489204,0.4788393,0.08274740739137024,DL19,50,CosineGECO
490595,0.16165581,0.020059523809523812,DL19,50,CosineGECO
527433,0.30110353,0.10601507969155029,DL19,50,CosineGECO
573724,0.3445052,0.09990339264938806,DL19,50,CosineGECO
833860,0.38518474,0.17972924347604655,DL19,50,CosineGECO
855410,0.28172508,0.13783308195072902,DL19,50,CosineGECO
915593,0.28880507,0.08365017548521385,DL19,50,CosineGECO
962179,0.24735165,0.10533339107709816,DL19,50,CosineGECO
1037798,0.24479918,0.08281746031746032,DL19,50,CosineGECO
1063750,0.39362335,0.061385899125029564,DL19,50,CosineGECO
1103812,0.2816635,0.12171261487050962,DL19,50,CosineGECO
1106007,0.40605575,0.0,DL19,50,CosineGECO
1110199,0.27369756,0.07056372549019607,DL19,50,CosineGECO
1112341,0.27178675,0.0716534179614675,DL19,50,CosineGECO
1113437,0.17656216,0.0988416116047695,DL19,50,CosineGECO
1114646,0.31331939,0.10000142085819837,DL19,50,CosineGECO
1114819,0.47132182,0.15043593833067517,DL19,50,CosineGECO
1115776,0.24536102,0.08275584035174828,DL19,50,CosineGECO
1117099,0.29405302,0.11981203007518797,DL19,50,CosineGECO
1121402,0.23829015,0.030230179028132992,DL19,50,CosineGECO
1121709,0.2587002,0.07528475207935013,DL19,50,CosineGECO
1124210,0.36316302,0.13287978361507774,DL19,50,CosineGECO
1129237,0.35532683,0.11445764761554236,DL19,50,CosineGECO
1133167,0.51176447,0.21953368269157741,DL19,50,CosineGECO
19335,0.37731495,0.05859791208626852,DL19,50,CorrelationGECO
47923,0.32587904,0.02911906791702188,DL19,50,CorrelationGECO
87181,0.36184162,0.12013171469053822,DL19,50,CorrelationGECO
87452,0.34699327,0.08974852761617466,DL19,50,CorrelationGECO
104861,0.5185626,0.1529159437054174,DL19,50,CorrelationGECO
130510,0.3527057,0.08355042016806723,DL19,50,CorrelationGECO
131843,0.16998759,0.21213786213786215,DL19,50,CorrelationGECO
146187,0.28935507,0.2103698752228164,DL19,50,CorrelationGECO
148538,0.53553843,0.21682539682539687,DL19,50,CorrelationGECO
156493,0.33004737,0.05266694403994175,DL19,50,CorrelationGECO
168216,0.306147,0.0313034188034188,DL19,50,CorrelationGECO
182539,0.14894123,0.10130431659843424,DL19,50,CorrelationGECO
183378,0.29588658,0.057370448179271706,DL19,50,CorrelationGECO
207786,0.4208301,0.059714441332088385,DL19,50,CorrelationGECO
264014,0.3991813,0.1139723904120189,DL19,50,CorrelationGECO
359349,0.3046138,0.15470217044587753,DL19,50,CorrelationGECO
405717,0.3070622,0.10229741019214704,DL19,50,CorrelationGECO
443396,0.26356488,0.025728844169246645,DL19,50,CorrelationGECO
451602,0.36838096,0.08426891091364776,DL19,50,CorrelationGECO
489204,0.47596806,0.08292477517322719,DL19,50,CorrelationGECO
490595,0.20479596,0.015476190476190477,DL19,50,CorrelationGECO
527433,0.35365194,0.07801470588235294,DL19,50,CorrelationGECO
573724,0.3285424,0.11523851872764916,DL19,50,CorrelationGECO
833860,0.42397013,0.10018483709273182,DL19,50,CorrelationGECO
855410,0.29613703,0.17199622444978482,DL19,50,CorrelationGECO
915593,0.31402564,0.06564149859802033,DL19,50,CorrelationGECO
962179,0.23948936,0.11275328885454743,DL19,50,CorrelationGECO
1037798,0.24104106,0.09759342953228403,DL19,50,CorrelationGECO
1063750,0.36617595,0.05862350210176297,DL19,50,CorrelationGECO
1103812,0.33787227,0.1063875784779675,DL19,50,CorrelationGECO
1106007,0.35167235,0.0,DL19,50,CorrelationGECO
1110199,0.38852662,0.08542802212071292,DL19,50,CorrelationGECO
1112341,0.34588128,0.10311420990280865,DL19,50,CorrelationGECO
1113437,0.23688953,0.09064413484692121,DL19,50,CorrelationGECO
1114646,0.3100671,0.09715852130325814,DL19,50,CorrelationGECO
1114819,0.4174183,0.15996999760309089,DL19,50,CorrelationGECO
1115776,0.31497365,0.0808100655383264,DL19,50,CorrelationGECO
1117099,0.28757864,0.12085827313381492,DL19,50,CorrelationGECO
1121402,0.27041847,0.046901583710407244,DL19,50,CorrelationGECO
1121709,0.23513183,0.13957346574993634,DL19,50,CorrelationGECO
1124210,0.34792787,0.1149650143458193,DL19,50,CorrelationGECO
1129237,0.40694028,0.13281716046102235,DL19,50,CorrelationGECO
1133167,0.44636798,0.20883184067394592,DL19,50,CorrelationGECO
19335,0.41809407,0.11059523809523811,DL19,50,KernelDensityGECO
47923,0.52873474,0.09656874558190348,DL19,50,KernelDensityGECO
87181,0.7315358,0.18720965309200605,DL19,50,KernelDensityGECO
87452,0.49659896,0.13253650430423886,DL19,50,KernelDensityGECO
104861,0.61793077,0.16161113568234312,DL19,50,KernelDensityGECO
130510,0.39648712,0.06144465613505862,DL19,50,KernelDensityGECO
131843,0.71454537,0.2,DL19,50,KernelDensityGECO
146187,0.32882124,0.13889735965116232,DL19,50,KernelDensityGECO
148538,0.7926782,0.4317063492063492,DL19,50,KernelDensityGECO
156493,0.75254464,0.10866830065359476,DL19,50,KernelDensityGECO
168216,0.7331418,0.08214743589743591,DL19,50,KernelDensityGECO
182539,0.20365071,0.1421885261281546,DL19,50,KernelDensityGECO
183378,0.47187144,0.0,DL19,50,KernelDensityGECO
207786,0.4705389,0.06553544494720966,DL19,50,KernelDensityGECO
264014,0.8282706,0.24500000000000002,DL19,50,KernelDensityGECO
359349,0.54306346,0.24871794871794872,DL19,50,KernelDensityGECO
405717,0.4968222,0.14088463995584738,DL19,50,KernelDensityGECO
443396,0.40328583,0.020555555555555556,DL19,50,KernelDensityGECO
451602,0.55817926,0.2223684210526316,DL19,50,KernelDensityGECO
489204,0.5151818,0.09647107965993415,DL19,50,KernelDensityGECO
490595,0.5248457,0.07774725274725275,DL19,50,KernelDensityGECO
527433,0.5735844,0.12597410759175465,DL19,50,KernelDensityGECO
573724,0.84583724,0.3,DL19,50,KernelDensityGECO
833860,0.6450215,0.16896645021645024,DL19,50,KernelDensityGECO
855410,0.26327083,0.18482191999606862,DL19,50,KernelDensityGECO
915593,0.41181678,0.10079559570863919,DL19,50,KernelDensityGECO
962179,0.46048325,0.14573175362649046,DL19,50,KernelDensityGECO
1037798,0.50969225,0.0625,DL19,50,KernelDensityGECO
1063750,0.55040085,0.11083333333333334,DL19,50,KernelDensityGECO
1103812,0.21948557,0.08959808307634394,DL19,50,KernelDensityGECO
1106007,0.6629795,0.007142857142857143,DL19,50,KernelDensityGECO
1110199,0.6379502,0.2616468253968254,DL19,50,KernelDensityGECO
1112341,0.39228034,0.09767212148017101,DL19,50,KernelDensityGECO
1113437,0.60284925,0.15444444444444444,DL19,50,KernelDensityGECO
1114646,0.35130674,0.1033379851143009,DL19,50,KernelDensityGECO
1114819,0.8498653,0.26666666666666666,DL19,50,KernelDensityGECO
1115776,0.50229484,0.12309782608695652,DL19,50,KernelDensityGECO
1117099,0.44735402,0.1677625006572375,DL19,50,KernelDensityGECO
1121402,0.63876283,0.1382710169087878,DL19,50,KernelDensityGECO
1121709,0.4779288,0.125,DL19,50,KernelDensityGECO
1124210,0.5091821,0.09948077636158131,DL19,50,KernelDensityGECO
1129237,0.8314203,0.35714285714285715,DL19,50,KernelDensityGECO
1133167,0.5503147,0.2568627450980392,DL19,50,KernelDensityGECO
